{
  "n_queries": 16000,
  "n_classes_seen": 150,
  "miou": 0.5242055057828792,
  "median_iou": 0.5858746767044067,
  "iou@0.5": 0.5638125,
  "iou@0.7": 0.3934375,
  "iou@0.9": 0.1528125,
  "bottom_20_classes": {
    "runway": 0.0735,
    "glass": 0.1012,
    "traffic light": 0.1471,
    "plate": 0.1531,
    "basket": 0.1546,
    "vase": 0.1646,
    "fountain": 0.1685,
    "book": 0.1728,
    "stairway": 0.1884,
    "land": 0.1968,
    "canopy": 0.2012,
    "box": 0.2077,
    "booth": 0.21,
    "base": 0.2124,
    "monitor": 0.2144,
    "escalator": 0.2146,
    "tray": 0.2151,
    "bottle": 0.2259,
    "shower": 0.2315,
    "oven": 0.2323
  },
  "top_20_classes": {
    "tent": 0.9336,
    "sky": 0.8722,
    "swimming pool": 0.7799,
    "pool table": 0.766,
    "skyscraper": 0.7445,
    "ceiling": 0.7265,
    "lake": 0.717,
    "toilet": 0.7087,
    "kitchen island": 0.6992,
    "house": 0.6987,
    "building": 0.69,
    "cradle": 0.6626,
    "rug": 0.6619,
    "water": 0.656,
    "sea": 0.6512,
    "washer": 0.6484,
    "palm": 0.6408,
    "car": 0.6407,
    "refrigerator": 0.6309,
    "mountain": 0.6298
  }
}