{
  "n": 33553,
  "miou": 0.4032116428016951,
  "median_iou": 0.3755170702934265,
  "iou@0.5": 0.4005007003844664,
  "iou@0.7": 0.23962089828033262,
  "iou@0.9": 0.05445116681071737,
  "miou_by_phrase_len": {
    "1": 0.4384,
    "2": 0.4045,
    "3": 0.3478,
    "4": 0.3445,
    "5": 0.3199,
    "6": 0.3315
  }
}